epoch,train_loss,train_nll,train_global_mse,train_junction_mse,val_loss,val_nll,val_global_mse,val_junction_mse,global_corr,global_mae,global_mse,junction_mean_corr,junction_mean_mae,junction_mean_mse
1,917.91455078125,3.341129779815674,250.8538360595703,663.7196044921875,910.1644897460938,3.3211114406585693,250.82029724121094,656.0230712890625,,15.837307214736938,250.82029981395868,,25.337822580337523,642.0052531126621
