sequence_hash,global_score,junction_mean,junction_min,junction_01,junction_02,junction_03,junction_04,junction_05,junction_06,junction_07,junction_08,junction_09,junction_10,sequence_aa,combo_compact
dd20088919031875b7bcca29995545dd40ca994be0558183f9b942b51b3b2249,-2.8853893280029297,-2.8456021070480344,-2.845602107048035,-2.845602107048035,-2.845602107048035,-2.845602107048035,-2.845602107048035,-2.845602107048035,-2.845602107048035,-2.845602107048035,-2.845602107048035,-2.845602107048035,-2.845602107048035,AAAAAAAAAAA,
