epoch,train_loss,train_nll,train_global_mse,train_junction_mse,val_loss,val_nll,val_global_mse,val_junction_mse,global_corr,global_mae,global_mse,junction_mean_corr,junction_mean_mae,junction_mean_mse
1,915.9865570068359,3.3087671995162964,250.93473434448242,661.7430572509766,921.1798706054688,3.2542734146118164,252.10787963867188,665.8177185058594,-0.25792636778665207,15.877884328365326,252.10787875972716,0.6050758255069302,25.508336240053175,650.6992890772068
