{
  "distill_csv": "cas12a_shuffling_model/data/processed/distill_teacher_scores_smoke.csv",
  "n_records": 3,
  "n_train": 2,
  "n_val": 1,
  "best_epoch": 1,
  "best_val_loss": 910.1651611328125,
  "device": "mps",
  "model_config": {
    "embed_dim": 64,
    "hidden_dim": 96,
    "num_layers": 1,
    "dropout": 0.0
  },
  "train_config": {
    "seed": 13,
    "batch_size": 2,
    "epochs": 1,
    "lr": 0.001,
    "weight_decay": 0.0001,
    "grad_clip": 1.0,
    "val_fraction": 0.34,
    "nll_weight": 1.0,
    "global_weight": 1.0,
    "junction_weight": 1.0,
    "num_workers": 0,
    "device": null
  },
  "window": {
    "left": 15,
    "right": 15
  },
  "final_metrics": {
    "epoch": 1,
    "train_loss": 917.91455078125,
    "train_nll": 3.341129779815674,
    "train_global_mse": 250.8538360595703,
    "train_junction_mse": 663.7196044921875,
    "val_loss": 910.1651611328125,
    "val_nll": 3.321110248565674,
    "val_global_mse": 250.8203582763672,
    "val_junction_mse": 656.023681640625,
    "global_corr": NaN,
    "global_mae": 15.837308406829834,
    "global_mse": 250.82033757304293,
    "junction_mean_corr": NaN,
    "junction_mean_mae": 25.337835097312926,
    "junction_mean_mse": 642.0058874186227
  }
}