epoch,train_loss,train_nll,train_global_mse,train_junction_mse,val_loss,val_nll,val_global_mse,val_junction_mse,global_corr,global_mae,global_mse,junction_mean_corr,junction_mean_mae,junction_mean_mse
1,950.287377251519,2.9272792074415417,262.7042583889431,684.6558430989584,959.2763916015625,2.8144010066986085,266.8656005859375,689.59638671875,-0.21093650124976213,16.331157248953115,266.7135080991314,0.2136577684894258,25.966365074074787,674.280300081119
2,962.9897969563802,2.779400732782152,267.48843722873266,692.7219645182291,965.5183959960938,2.7455161571502686,269.123583984375,693.6492919921875,-0.19412739190780223,16.400859621987827,268.99499861508565,0.1433150400788106,26.045982402303945,678.4219683365164
3,970.8490600585938,2.6921602620018854,270.30028957790796,697.8566148546007,976.5735107421875,2.6224080085754395,273.1742797851563,700.7768310546875,-0.24356026957411356,16.523589731990427,273.03612772290893,0.0871787675695395,26.183752801798395,685.6182337934451
4,986.2838168674045,2.5174825853771634,276.1025611029731,707.6637607150608,996.9435791015625,2.386628007888794,281.0369384765625,713.5199951171875,-0.3013062534843025,16.760430754094884,280.9197421924259,0.14429428102941053,26.428030598681904,698.4696110481983
5,1013.241929796007,2.2065165042877197,286.5536346435547,724.4817877875435,1034.0144775390625,1.958813238143921,295.56296997070314,736.4926879882812,-0.27919988456319955,17.188566137051236,295.45542373031066,0.16818835778652236,26.85977641361347,721.4763216720072
